[{"model": "tax.tax", "pk": 99, "fields": {"crt_date": "2019-05-10T15:56:27.883Z", "mdf_date": "2019-05-10T15:56:27.883Z", "state": "AL", "tax_rate": 0.04}}, {"model": "tax.tax", "pk": 100, "fields": {"crt_date": "2019-05-10T15:56:27.997Z", "mdf_date": "2019-05-10T15:56:27.997Z", "state": "AK", "tax_rate": 0.07}}, {"model": "tax.tax", "pk": 101, "fields": {"crt_date": "2019-05-10T15:56:28.081Z", "mdf_date": "2019-05-10T15:56:28.082Z", "state": "AZ", "tax_rate": 0.056}}, {"model": "tax.tax", "pk": 102, "fields": {"crt_date": "2019-05-10T15:56:28.171Z", "mdf_date": "2019-05-10T15:56:28.171Z", "state": "AR", "tax_rate": 0.065}}, {"model": "tax.tax", "pk": 103, "fields": {"crt_date": "2019-05-10T15:56:28.237Z", "mdf_date": "2019-05-10T15:56:28.237Z", "state": "CA", "tax_rate": 0.0725}}, {"model": "tax.tax", "pk": 104, "fields": {"crt_date": "2019-05-10T15:56:28.320Z", "mdf_date": "2019-05-10T15:56:28.320Z", "state": "CO", "tax_rate": 0.0635}}, {"model": "tax.tax", "pk": 105, "fields": {"crt_date": "2019-05-10T15:56:28.395Z", "mdf_date": "2019-05-10T15:56:28.395Z", "state": "CT", "tax_rate": 0.0635}}, {"model": "tax.tax", "pk": 106, "fields": {"crt_date": "2019-05-10T15:56:28.470Z", "mdf_date": "2019-05-10T15:56:28.470Z", "state": "DE", "tax_rate": 0.0}}, {"model": "tax.tax", "pk": 107, "fields": {"crt_date": "2019-05-10T15:56:28.548Z", "mdf_date": "2019-05-10T15:56:28.548Z", "state": "FL", "tax_rate": 0.06}}, {"model": "tax.tax", "pk": 108, "fields": {"crt_date": "2019-05-10T15:56:28.620Z", "mdf_date": "2019-05-10T15:56:28.620Z", "state": "GA", "tax_rate": 0.04}}, {"model": "tax.tax", "pk": 109, "fields": {"crt_date": "2019-05-10T15:56:28.696Z", "mdf_date": "2019-05-10T15:56:28.696Z", "state": "HI", "tax_rate": 0.04}}, {"model": "tax.tax", "pk": 110, "fields": {"crt_date": "2019-05-10T15:56:28.778Z", "mdf_date": "2019-05-10T15:56:28.778Z", "state": "ID", "tax_rate": 0.06}}, {"model": "tax.tax", "pk": 111, "fields": {"crt_date": "2019-05-10T15:56:28.864Z", "mdf_date": "2019-05-10T15:56:28.865Z", "state": "IL", "tax_rate": 0.0625}}, {"model": "tax.tax", "pk": 112, "fields": {"crt_date": "2019-05-10T15:56:28.936Z", "mdf_date": "2019-05-10T15:56:28.936Z", "state": "IN", "tax_rate": 0.07}}, {"model": "tax.tax", "pk": 113, "fields": {"crt_date": "2019-05-10T15:56:29.023Z", "mdf_date": "2019-05-10T15:56:29.023Z", "state": "IA", "tax_rate": 0.06}}, {"model": "tax.tax", "pk": 114, "fields": {"crt_date": "2019-05-10T15:56:29.094Z", "mdf_date": "2019-05-10T15:56:29.094Z", "state": "KS", "tax_rate": 0.065}}, {"model": "tax.tax", "pk": 115, "fields": {"crt_date": "2019-05-10T15:56:29.169Z", "mdf_date": "2019-05-10T15:56:29.169Z", "state": "KY", "tax_rate": 0.06}}, {"model": "tax.tax", "pk": 116, "fields": {"crt_date": "2019-05-10T15:56:29.243Z", "mdf_date": "2019-05-10T15:56:29.243Z", "state": "LA", "tax_rate": 0.0445}}, {"model": "tax.tax", "pk": 117, "fields": {"crt_date": "2019-05-10T15:56:29.310Z", "mdf_date": "2019-05-10T15:56:29.310Z", "state": "ME", "tax_rate": 0.055}}, {"model": "tax.tax", "pk": 118, "fields": {"crt_date": "2019-05-10T15:56:29.386Z", "mdf_date": "2019-05-10T15:56:29.386Z", "state": "MD", "tax_rate": 0.06}}, {"model": "tax.tax", "pk": 119, "fields": {"crt_date": "2019-05-10T15:56:29.472Z", "mdf_date": "2019-05-10T15:56:29.473Z", "state": "MA", "tax_rate": 0.0625}}, {"model": "tax.tax", "pk": 120, "fields": {"crt_date": "2019-05-10T15:56:29.552Z", "mdf_date": "2019-05-10T15:56:29.552Z", "state": "MI", "tax_rate": 0.06}}, {"model": "tax.tax", "pk": 121, "fields": {"crt_date": "2019-05-10T15:56:29.628Z", "mdf_date": "2019-05-10T15:56:29.629Z", "state": "MN", "tax_rate": 0.06875}}, {"model": "tax.tax", "pk": 122, "fields": {"crt_date": "2019-05-10T15:56:29.704Z", "mdf_date": "2019-05-10T15:56:29.704Z", "state": "MS", "tax_rate": 0.07}}, {"model": "tax.tax", "pk": 123, "fields": {"crt_date": "2019-05-10T15:56:29.779Z", "mdf_date": "2019-05-10T15:56:29.779Z", "state": "MO", "tax_rate": 0.08113}}, {"model": "tax.tax", "pk": 124, "fields": {"crt_date": "2019-05-10T15:56:29.862Z", "mdf_date": "2019-05-10T15:56:29.862Z", "state": "MT", "tax_rate": 0.0}}, {"model": "tax.tax", "pk": 125, "fields": {"crt_date": "2019-05-10T15:56:29.936Z", "mdf_date": "2019-05-10T15:56:29.936Z", "state": "NE", "tax_rate": 0.055}}, {"model": "tax.tax", "pk": 126, "fields": {"crt_date": "2019-05-10T15:56:30.012Z", "mdf_date": "2019-05-10T15:56:30.012Z", "state": "NV", "tax_rate": 0.046}}, {"model": "tax.tax", "pk": 127, "fields": {"crt_date": "2019-05-10T15:56:30.087Z", "mdf_date": "2019-05-10T15:56:30.087Z", "state": "NH", "tax_rate": 0.0}}, {"model": "tax.tax", "pk": 128, "fields": {"crt_date": "2019-05-10T15:56:30.172Z", "mdf_date": "2019-05-10T15:56:30.172Z", "state": "NJ", "tax_rate": 0.06625}}, {"model": "tax.tax", "pk": 129, "fields": {"crt_date": "2019-05-10T15:56:30.254Z", "mdf_date": "2019-05-10T15:56:30.254Z", "state": "NM", "tax_rate": 0.05125}}, {"model": "tax.tax", "pk": 130, "fields": {"crt_date": "2019-05-10T15:56:30.329Z", "mdf_date": "2019-05-10T15:56:30.329Z", "state": "NY", "tax_rate": 0.045}}, {"model": "tax.tax", "pk": 131, "fields": {"crt_date": "2019-05-10T15:56:30.423Z", "mdf_date": "2019-05-10T15:56:30.423Z", "state": "NC", "tax_rate": 0.0475}}, {"model": "tax.tax", "pk": 132, "fields": {"crt_date": "2019-05-10T15:56:30.506Z", "mdf_date": "2019-05-10T15:56:30.506Z", "state": "ND", "tax_rate": 0.05}}, {"model": "tax.tax", "pk": 133, "fields": {"crt_date": "2019-05-10T15:56:30.595Z", "mdf_date": "2019-05-10T15:56:30.596Z", "state": "OH", "tax_rate": 0.0575}}, {"model": "tax.tax", "pk": 134, "fields": {"crt_date": "2019-05-10T15:56:30.689Z", "mdf_date": "2019-05-10T15:56:30.689Z", "state": "OK", "tax_rate": 0.08625}}, {"model": "tax.tax", "pk": 135, "fields": {"crt_date": "2019-05-10T15:56:30.781Z", "mdf_date": "2019-05-10T15:56:30.781Z", "state": "OR", "tax_rate": 0.0}}, {"model": "tax.tax", "pk": 136, "fields": {"crt_date": "2019-05-10T15:56:30.864Z", "mdf_date": "2019-05-10T15:56:30.864Z", "state": "PA", "tax_rate": 0.06}}, {"model": "tax.tax", "pk": 137, "fields": {"crt_date": "2019-05-10T15:56:30.947Z", "mdf_date": "2019-05-10T15:56:30.947Z", "state": "RI", "tax_rate": 0.07}}, {"model": "tax.tax", "pk": 138, "fields": {"crt_date": "2019-05-10T15:56:31.020Z", "mdf_date": "2019-05-10T15:56:31.020Z", "state": "SC", "tax_rate": 0.06}}, {"model": "tax.tax", "pk": 139, "fields": {"crt_date": "2019-05-10T15:56:31.106Z", "mdf_date": "2019-05-10T15:56:31.106Z", "state": "SD", "tax_rate": 0.06}}, {"model": "tax.tax", "pk": 140, "fields": {"crt_date": "2019-05-10T15:56:31.178Z", "mdf_date": "2019-05-10T15:56:31.179Z", "state": "TN", "tax_rate": 0.0925}}, {"model": "tax.tax", "pk": 141, "fields": {"crt_date": "2019-05-10T15:56:31.271Z", "mdf_date": "2019-05-10T15:56:31.271Z", "state": "TX", "tax_rate": 0.0625}}, {"model": "tax.tax", "pk": 142, "fields": {"crt_date": "2019-05-10T15:56:31.355Z", "mdf_date": "2019-05-10T15:56:31.355Z", "state": "UT", "tax_rate": 0.0485}}, {"model": "tax.tax", "pk": 143, "fields": {"crt_date": "2019-05-10T15:56:31.437Z", "mdf_date": "2019-05-10T15:56:31.437Z", "state": "VT", "tax_rate": 0.06}}, {"model": "tax.tax", "pk": 144, "fields": {"crt_date": "2019-05-10T15:56:31.520Z", "mdf_date": "2019-05-10T15:56:31.520Z", "state": "VA", "tax_rate": 0.043}}, {"model": "tax.tax", "pk": 145, "fields": {"crt_date": "2019-05-10T15:56:31.604Z", "mdf_date": "2019-05-10T15:56:31.604Z", "state": "WA", "tax_rate": 0.065}}, {"model": "tax.tax", "pk": 146, "fields": {"crt_date": "2019-05-10T15:56:31.679Z", "mdf_date": "2019-05-10T15:56:31.679Z", "state": "WV", "tax_rate": 0.06}}, {"model": "tax.tax", "pk": 147, "fields": {"crt_date": "2019-05-10T15:56:31.754Z", "mdf_date": "2019-05-10T15:56:31.754Z", "state": "WI", "tax_rate": 0.05}}, {"model": "tax.tax", "pk": 148, "fields": {"crt_date": "2019-05-10T15:56:31.837Z", "mdf_date": "2019-05-10T15:56:31.837Z", "state": "WY", "tax_rate": 0.04}}, {"model": "coupon.coupon", "pk": 3, "fields": {"crt_date": "2019-05-08T15:03:07.545Z", "mdf_date": "2019-05-08T15:03:39.872Z", "cp_code": "APRIL15", "dis_type": "PERCENT", "discount": 15, "min_prod": 1, "dis_strategy": "DEFA", "dis_strategy_split": null, "limit": -1, "collection": 3, "exp_date": "2019-05-01T15:02:18Z"}}, {"model": "coupon.coupon", "pk": 4, "fields": {"crt_date": "2019-05-08T15:10:46.330Z", "mdf_date": "2019-05-08T15:16:47.807Z", "cp_code": "MAY19-1", "dis_type": "PERCENT", "discount": 40, "min_prod": 1, "dis_strategy": "DEFA", "dis_strategy_split": null, "limit": -1, "collection": 4, "exp_date": "2019-05-10T15:09:03Z"}}, {"model": "coupon.coupon", "pk": 5, "fields": {"crt_date": "2019-05-08T15:11:24.460Z", "mdf_date": "2019-05-10T01:35:17.497Z", "cp_code": "MAY19-2", "dis_type": "PERCENT", "discount": 50, "min_prod": 1, "dis_strategy": "DEFA", "dis_strategy_split": null, "limit": -1, "collection": 5, "exp_date": "2019-05-10T15:10:50Z"}}, {"model": "collection.collection", "pk": 1, "fields": {"crt_date": "2019-05-08T09:12:06.507Z", "mdf_date": "2019-05-08T09:17:32.367Z", "category": "March Collection", "is_active": true, "products": []}}, {"model": "collection.collection", "pk": 2, "fields": {"crt_date": "2019-05-08T09:22:57.125Z", "mdf_date": "2019-05-08T09:25:35.690Z", "category": "APRIL COllection", "is_active": true, "products": []}}, {"model": "collection.collection", "pk": 3, "fields": {"crt_date": "2019-05-08T15:03:03.468Z", "mdf_date": "2019-05-08T15:05:18.680Z", "category": "Item A only", "is_active": true, "products": []}}, {"model": "collection.collection", "pk": 4, "fields": {"crt_date": "2019-05-08T15:10:43.109Z", "mdf_date": "2019-05-08T15:10:43.109Z", "category": "Item B", "is_active": true, "products": [5]}}, {"model": "collection.collection", "pk": 5, "fields": {"crt_date": "2019-05-08T15:11:16.846Z", "mdf_date": "2019-05-10T01:35:13.983Z", "category": "Item C", "is_active": true, "products": [7]}}, {"model": "product.product", "pk": 5, "fields": {"crt_date": "2019-05-08T14:54:44.137Z", "mdf_date": "2019-05-08T14:54:44.137Z", "prod_name": "Bagel 3", "price": 1.99, "prod_id": "fea2ffc2-0ab5-46d1-bf3b-6e4ebe02d976", "prod_category": "MISC", "stock": 100, "limit": 100, "images": "products/4.jpg"}}, {"model": "product.product", "pk": 6, "fields": {"crt_date": "2019-05-08T14:55:04.825Z", "mdf_date": "2019-05-08T14:55:04.825Z", "prod_name": "Bagel 4", "price": 0.99, "prod_id": "86ae3f01-5426-4eac-9ac2-57616ce897f7", "prod_category": "MISC", "stock": 100, "limit": 100, "images": "products/5.jpg"}}, {"model": "product.product", "pk": 7, "fields": {"crt_date": "2019-05-08T15:12:51.989Z", "mdf_date": "2019-05-08T15:12:51.989Z", "prod_name": "Item D", "price": 20.0, "prod_id": "39068c90-db67-4b4b-88e5-2e1ce2a2fc9c", "prod_category": "MISC", "stock": 1, "limit": 100, "images": "products/7.jpg"}}, {"model": "cart.cart", "pk": 47, "fields": {"crt_date": "2019-05-08T11:22:24.973Z", "mdf_date": "2019-05-09T14:36:56.619Z", "cart_state": "COMPLETED", "cart_billing": 8, "cart_id": "81607cfd-d156-4821-93f6-d51adcd5e36e", "subtotal": 120.0, "total": 126.0, "customer": 1, "quantities": "{\"7\":6}", "products": [7]}}, {"model": "cart.cart", "pk": 48, "fields": {"crt_date": "2019-05-08T15:01:26.896Z", "mdf_date": "2019-05-08T15:18:30.446Z", "cart_state": "COMPLETED", "cart_billing": 7, "cart_id": "9b9aa1b2-5c31-4e74-8a9a-f3d47abdf43d", "subtotal": 25.56, "total": 27.25, "customer": 3, "quantities": "{\"5\":2,\"6\":3,\"7\":1}", "products": [5, 6, 7]}}, {"model": "cart.cart", "pk": 49, "fields": {"crt_date": "2019-05-08T15:01:27.034Z", "mdf_date": "2019-05-08T15:07:04.657Z", "cart_state": "COMPLETED", "cart_billing": 6, "cart_id": "37131bed-3cc4-41c3-9ddd-0452a0f2936e", "subtotal": 4.79, "total": 5.06, "customer": 3, "quantities": "{\"4\":1}", "products": []}}, {"model": "cart.cart", "pk": 50, "fields": {"crt_date": "2019-05-09T14:36:59.656Z", "mdf_date": "2019-05-09T14:42:44.577Z", "cart_state": "IN_PROGRESS", "cart_billing": null, "cart_id": "69208249-f6d3-4d76-8a73-3d0c7647d0d1", "subtotal": 60.0, "total": 0.0, "customer": 1, "quantities": "{\"7\":3}", "products": [7]}}, {"model": "cart.cart", "pk": 51, "fields": {"crt_date": "2019-05-09T15:03:01.595Z", "mdf_date": "2019-05-09T15:03:05.511Z", "cart_state": "IN_PROGRESS", "cart_billing": null, "cart_id": "15093ece-4504-4600-8538-4f0cd43cc0fc", "subtotal": 0.99, "total": 0.0, "customer": 3, "quantities": "{\"6\":1}", "products": [6]}}, {"model": "address.address", "pk": 7, "fields": {"crt_date": "2019-05-08T15:07:04.326Z", "mdf_date": "2019-05-08T15:07:04.326Z", "street_one": "", "street_two": null, "city": "", "state": "WI", "zip": "", "country": "US"}}, {"model": "address.address", "pk": 8, "fields": {"crt_date": "2019-05-08T15:18:30.131Z", "mdf_date": "2019-05-08T15:18:30.131Z", "street_one": "", "street_two": null, "city": "", "state": "WI", "zip": "", "country": "US"}}, {"model": "address.address", "pk": 9, "fields": {"crt_date": "2019-05-09T14:36:56.227Z", "mdf_date": "2019-05-09T14:36:56.227Z", "street_one": "", "street_two": null, "city": "", "state": "WI", "zip": "", "country": "US"}}, {"model": "billing.billing", "pk": 6, "fields": {"crt_date": "2019-05-08T15:07:04.482Z", "mdf_date": "2019-05-08T15:07:04.482Z", "delivery_address": 7, "card_number": "0000000000000000", "card_security_code": "000", "card_exp_date": "12/20", "customer": 3}}, {"model": "billing.billing", "pk": 7, "fields": {"crt_date": "2019-05-08T15:18:30.257Z", "mdf_date": "2019-05-08T15:18:30.257Z", "delivery_address": 8, "card_number": "0000000000000000", "card_security_code": "000", "card_exp_date": "12/20", "customer": 3}}, {"model": "billing.billing", "pk": 8, "fields": {"crt_date": "2019-05-09T14:36:56.396Z", "mdf_date": "2019-05-09T14:36:56.396Z", "delivery_address": 9, "card_number": "0000000000000000", "card_security_code": "000", "card_exp_date": "00/00", "customer": 1}}, {"model": "contenttypes.contenttype", "pk": 1, "fields": {"app_label": "tax", "model": "tax"}}, {"model": "contenttypes.contenttype", "pk": 2, "fields": {"app_label": "coupon", "model": "coupon"}}, {"model": "contenttypes.contenttype", "pk": 3, "fields": {"app_label": "collection", "model": "collection"}}, {"model": "contenttypes.contenttype", "pk": 4, "fields": {"app_label": "product", "model": "product"}}, {"model": "contenttypes.contenttype", "pk": 5, "fields": {"app_label": "customer", "model": "customer"}}, {"model": "contenttypes.contenttype", "pk": 6, "fields": {"app_label": "cart", "model": "cart"}}, {"model": "contenttypes.contenttype", "pk": 7, "fields": {"app_label": "address", "model": "address"}}, {"model": "contenttypes.contenttype", "pk": 8, "fields": {"app_label": "billing", "model": "billing"}}, {"model": "contenttypes.contenttype", "pk": 9, "fields": {"app_label": "admin", "model": "logentry"}}, {"model": "contenttypes.contenttype", "pk": 10, "fields": {"app_label": "auth", "model": "permission"}}, {"model": "contenttypes.contenttype", "pk": 11, "fields": {"app_label": "auth", "model": "group"}}, {"model": "contenttypes.contenttype", "pk": 12, "fields": {"app_label": "auth", "model": "user"}}, {"model": "contenttypes.contenttype", "pk": 13, "fields": {"app_label": "contenttypes", "model": "contenttype"}}, {"model": "contenttypes.contenttype", "pk": 14, "fields": {"app_label": "sessions", "model": "session"}}, {"model": "sessions.session", "pk": "azrq8caoyh9q1z6ru697jiuir4c5vg7p", "fields": {"session_data": "ODYxZjM4YzVmZTRkM2E5ZWY5Njg5NTI2ODQ0YzgwNjZhYzZlNmVhZTp7Il9hdXRoX3VzZXJfaWQiOiIxIiwiX2F1dGhfdXNlcl9iYWNrZW5kIjoiZGphbmdvLmNvbnRyaWIuYXV0aC5iYWNrZW5kcy5Nb2RlbEJhY2tlbmQiLCJfYXV0aF91c2VyX2hhc2giOiI2Y2VmYWY3YTZkMzFjYjJlOWRiYTAwOWI3ODExZjcyNzE3YTMyOGZkIn0=", "expire_date": "2019-05-22T02:29:22.332Z"}}, {"model": "auth.permission", "pk": 1, "fields": {"name": "Can add tax", "content_type": 1, "codename": "add_tax"}}, {"model": "auth.permission", "pk": 2, "fields": {"name": "Can change tax", "content_type": 1, "codename": "change_tax"}}, {"model": "auth.permission", "pk": 3, "fields": {"name": "Can delete tax", "content_type": 1, "codename": "delete_tax"}}, {"model": "auth.permission", "pk": 4, "fields": {"name": "Can view tax", "content_type": 1, "codename": "view_tax"}}, {"model": "auth.permission", "pk": 5, "fields": {"name": "Can add coupon", "content_type": 2, "codename": "add_coupon"}}, {"model": "auth.permission", "pk": 6, "fields": {"name": "Can change coupon", "content_type": 2, "codename": "change_coupon"}}, {"model": "auth.permission", "pk": 7, "fields": {"name": "Can delete coupon", "content_type": 2, "codename": "delete_coupon"}}, {"model": "auth.permission", "pk": 8, "fields": {"name": "Can view coupon", "content_type": 2, "codename": "view_coupon"}}, {"model": "auth.permission", "pk": 9, "fields": {"name": "Can add collection", "content_type": 3, "codename": "add_collection"}}, {"model": "auth.permission", "pk": 10, "fields": {"name": "Can change collection", "content_type": 3, "codename": "change_collection"}}, {"model": "auth.permission", "pk": 11, "fields": {"name": "Can delete collection", "content_type": 3, "codename": "delete_collection"}}, {"model": "auth.permission", "pk": 12, "fields": {"name": "Can view collection", "content_type": 3, "codename": "view_collection"}}, {"model": "auth.permission", "pk": 13, "fields": {"name": "Can add product", "content_type": 4, "codename": "add_product"}}, {"model": "auth.permission", "pk": 14, "fields": {"name": "Can change product", "content_type": 4, "codename": "change_product"}}, {"model": "auth.permission", "pk": 15, "fields": {"name": "Can delete product", "content_type": 4, "codename": "delete_product"}}, {"model": "auth.permission", "pk": 16, "fields": {"name": "Can view product", "content_type": 4, "codename": "view_product"}}, {"model": "auth.permission", "pk": 17, "fields": {"name": "Can add customer", "content_type": 5, "codename": "add_customer"}}, {"model": "auth.permission", "pk": 18, "fields": {"name": "Can change customer", "content_type": 5, "codename": "change_customer"}}, {"model": "auth.permission", "pk": 19, "fields": {"name": "Can delete customer", "content_type": 5, "codename": "delete_customer"}}, {"model": "auth.permission", "pk": 20, "fields": {"name": "Can view customer", "content_type": 5, "codename": "view_customer"}}, {"model": "auth.permission", "pk": 21, "fields": {"name": "Can add cart", "content_type": 6, "codename": "add_cart"}}, {"model": "auth.permission", "pk": 22, "fields": {"name": "Can change cart", "content_type": 6, "codename": "change_cart"}}, {"model": "auth.permission", "pk": 23, "fields": {"name": "Can delete cart", "content_type": 6, "codename": "delete_cart"}}, {"model": "auth.permission", "pk": 24, "fields": {"name": "Can view cart", "content_type": 6, "codename": "view_cart"}}, {"model": "auth.permission", "pk": 25, "fields": {"name": "Can add address", "content_type": 7, "codename": "add_address"}}, {"model": "auth.permission", "pk": 26, "fields": {"name": "Can change address", "content_type": 7, "codename": "change_address"}}, {"model": "auth.permission", "pk": 27, "fields": {"name": "Can delete address", "content_type": 7, "codename": "delete_address"}}, {"model": "auth.permission", "pk": 28, "fields": {"name": "Can view address", "content_type": 7, "codename": "view_address"}}, {"model": "auth.permission", "pk": 29, "fields": {"name": "Can add billing", "content_type": 8, "codename": "add_billing"}}, {"model": "auth.permission", "pk": 30, "fields": {"name": "Can change billing", "content_type": 8, "codename": "change_billing"}}, {"model": "auth.permission", "pk": 31, "fields": {"name": "Can delete billing", "content_type": 8, "codename": "delete_billing"}}, {"model": "auth.permission", "pk": 32, "fields": {"name": "Can view billing", "content_type": 8, "codename": "view_billing"}}, {"model": "auth.permission", "pk": 33, "fields": {"name": "Can add log entry", "content_type": 9, "codename": "add_logentry"}}, {"model": "auth.permission", "pk": 34, "fields": {"name": "Can change log entry", "content_type": 9, "codename": "change_logentry"}}, {"model": "auth.permission", "pk": 35, "fields": {"name": "Can delete log entry", "content_type": 9, "codename": "delete_logentry"}}, {"model": "auth.permission", "pk": 36, "fields": {"name": "Can view log entry", "content_type": 9, "codename": "view_logentry"}}, {"model": "auth.permission", "pk": 37, "fields": {"name": "Can add permission", "content_type": 10, "codename": "add_permission"}}, {"model": "auth.permission", "pk": 38, "fields": {"name": "Can change permission", "content_type": 10, "codename": "change_permission"}}, {"model": "auth.permission", "pk": 39, "fields": {"name": "Can delete permission", "content_type": 10, "codename": "delete_permission"}}, {"model": "auth.permission", "pk": 40, "fields": {"name": "Can view permission", "content_type": 10, "codename": "view_permission"}}, {"model": "auth.permission", "pk": 41, "fields": {"name": "Can add group", "content_type": 11, "codename": "add_group"}}, {"model": "auth.permission", "pk": 42, "fields": {"name": "Can change group", "content_type": 11, "codename": "change_group"}}, {"model": "auth.permission", "pk": 43, "fields": {"name": "Can delete group", "content_type": 11, "codename": "delete_group"}}, {"model": "auth.permission", "pk": 44, "fields": {"name": "Can view group", "content_type": 11, "codename": "view_group"}}, {"model": "auth.permission", "pk": 45, "fields": {"name": "Can add user", "content_type": 12, "codename": "add_user"}}, {"model": "auth.permission", "pk": 46, "fields": {"name": "Can change user", "content_type": 12, "codename": "change_user"}}, {"model": "auth.permission", "pk": 47, "fields": {"name": "Can delete user", "content_type": 12, "codename": "delete_user"}}, {"model": "auth.permission", "pk": 48, "fields": {"name": "Can view user", "content_type": 12, "codename": "view_user"}}, {"model": "auth.permission", "pk": 49, "fields": {"name": "Can add content type", "content_type": 13, "codename": "add_contenttype"}}, {"model": "auth.permission", "pk": 50, "fields": {"name": "Can change content type", "content_type": 13, "codename": "change_contenttype"}}, {"model": "auth.permission", "pk": 51, "fields": {"name": "Can delete content type", "content_type": 13, "codename": "delete_contenttype"}}, {"model": "auth.permission", "pk": 52, "fields": {"name": "Can view content type", "content_type": 13, "codename": "view_contenttype"}}, {"model": "auth.permission", "pk": 53, "fields": {"name": "Can add session", "content_type": 14, "codename": "add_session"}}, {"model": "auth.permission", "pk": 54, "fields": {"name": "Can change session", "content_type": 14, "codename": "change_session"}}, {"model": "auth.permission", "pk": 55, "fields": {"name": "Can delete session", "content_type": 14, "codename": "delete_session"}}, {"model": "auth.permission", "pk": 56, "fields": {"name": "Can view session", "content_type": 14, "codename": "view_session"}}, {"model": "auth.group", "pk": 1, "fields": {"name": "Customers", "permissions": [25, 26, 29, 30, 21, 22, 18]}}, {"model": "auth.user", "pk": 1, "fields": {"password": "pbkdf2_sha256$120000$NnHHABCJwePI$+CKG1jtyv+Q4nL60GBj96J67/iU1Ip7kq/uOBhc+n/4=", "last_login": "2019-05-08T02:29:22Z", "is_superuser": true, "username": "maxx", "first_name": "", "last_name": "", "email": "persin.maxx@uwlax.edu", "is_staff": true, "is_active": true, "date_joined": "2019-05-08T02:29:09Z", "groups": [], "user_permissions": [25, 26, 27, 28, 33, 34, 35, 36, 41, 42, 43, 44, 37, 38, 39, 40, 45, 46, 47, 48, 29, 30, 31, 32, 21, 22, 23, 24, 9, 10, 11, 12, 49, 50, 51, 52, 5, 6, 7, 8, 17, 18, 19, 20, 13, 14, 15, 16, 53, 54, 55, 56, 1, 2, 3, 4]}}, {"model": "auth.user", "pk": 2, "fields": {"password": "pbkdf2_sha256$120000$fGgaJWUMf21x$EdciWn11mBVEKBpfPwCB03iHmnyH9xlpeFjJeBFljQ8=", "last_login": null, "is_superuser": false, "username": "maxxpersin", "first_name": "Maxx", "last_name": "Persin", "email": "maxxpersin@gmail.com", "is_staff": false, "is_active": true, "date_joined": "2019-05-08T02:30:45.632Z", "groups": [1], "user_permissions": []}}, {"model": "auth.user", "pk": 4, "fields": {"password": "pbkdf2_sha256$120000$TVppGcxwMsrl$jG5rUV5VZSDFAbJwwZ/X3cH7hTNKxGks9ycmWeVUDHk=", "last_login": null, "is_superuser": false, "username": "janedoe", "first_name": "Jane", "last_name": "Doe", "email": "janedoe@gmail.com", "is_staff": false, "is_active": true, "date_joined": "2019-05-08T15:01:19.128Z", "groups": [1], "user_permissions": []}}, {"model": "admin.logentry", "pk": 1, "fields": {"action_time": "2019-05-08T02:30:09.123Z", "user": 1, "content_type": 11, "object_id": "1", "object_repr": "Customers", "action_flag": 1, "change_message": "[{\"added\": {}}]"}}, {"model": "admin.logentry", "pk": 2, "fields": {"action_time": "2019-05-08T04:06:40.632Z", "user": 1, "content_type": 7, "object_id": "1", "object_repr": "1501 LA CROSSE ST EAGLE-428-AC", "action_flag": 1, "change_message": "[{\"added\": {}}]"}}, {"model": "admin.logentry", "pk": 3, "fields": {"action_time": "2019-05-08T04:06:47.466Z", "user": 1, "content_type": 7, "object_id": "2", "object_repr": "1501 LA CROSSE ST EAGLE-428-AC", "action_flag": 1, "change_message": "[{\"added\": {}}]"}}, {"model": "admin.logentry", "pk": 4, "fields": {"action_time": "2019-05-08T04:06:58.166Z", "user": 1, "content_type": 8, "object_id": "1", "object_repr": "0000000000000000", "action_flag": 1, "change_message": "[{\"added\": {}}]"}}, {"model": "admin.logentry", "pk": 5, "fields": {"action_time": "2019-05-08T04:08:35.359Z", "user": 1, "content_type": 5, "object_id": "1", "object_repr": "5ec90e65-c40d-4b45-bd8e-4111d146127c", "action_flag": 2, "change_message": "[{\"changed\": {\"fields\": [\"billing_info\"]}}]"}}, {"model": "admin.logentry", "pk": 6, "fields": {"action_time": "2019-05-08T04:55:44.002Z", "user": 1, "content_type": 4, "object_id": "1", "object_repr": "epic CUM bagel", "action_flag": 1, "change_message": "[{\"added\": {}}]"}}, {"model": "admin.logentry", "pk": 7, "fields": {"action_time": "2019-05-08T04:56:43.351Z", "user": 1, "content_type": 4, "object_id": "1", "object_repr": "epic CUM bagel", "action_flag": 2, "change_message": "[{\"changed\": {\"fields\": [\"images\"]}}]"}}, {"model": "admin.logentry", "pk": 8, "fields": {"action_time": "2019-05-08T06:12:14.563Z", "user": 1, "content_type": 6, "object_id": "1", "object_repr": "", "action_flag": 3, "change_message": ""}}, {"model": "admin.logentry", "pk": 9, "fields": {"action_time": "2019-05-08T06:14:18.270Z", "user": 1, "content_type": 6, "object_id": "1", "object_repr": "", "action_flag": 3, "change_message": ""}}, {"model": "admin.logentry", "pk": 10, "fields": {"action_time": "2019-05-08T06:41:41.368Z", "user": 1, "content_type": 6, "object_id": "2", "object_repr": "", "action_flag": 3, "change_message": ""}}, {"model": "admin.logentry", "pk": 11, "fields": {"action_time": "2019-05-08T06:41:41.538Z", "user": 1, "content_type": 6, "object_id": "1", "object_repr": "", "action_flag": 3, "change_message": ""}}, {"model": "admin.logentry", "pk": 12, "fields": {"action_time": "2019-05-08T06:45:37.905Z", "user": 1, "content_type": 6, "object_id": "3", "object_repr": "", "action_flag": 3, "change_message": ""}}, {"model": "admin.logentry", "pk": 13, "fields": {"action_time": "2019-05-08T06:51:41.787Z", "user": 1, "content_type": 6, "object_id": "5", "object_repr": "", "action_flag": 3, "change_message": ""}}, {"model": "admin.logentry", "pk": 14, "fields": {"action_time": "2019-05-08T06:51:41.936Z", "user": 1, "content_type": 6, "object_id": "4", "object_repr": "", "action_flag": 3, "change_message": ""}}, {"model": "admin.logentry", "pk": 15, "fields": {"action_time": "2019-05-08T06:55:22.592Z", "user": 1, "content_type": 6, "object_id": "6", "object_repr": "", "action_flag": 3, "change_message": ""}}, {"model": "admin.logentry", "pk": 16, "fields": {"action_time": "2019-05-08T08:10:33.459Z", "user": 1, "content_type": 6, "object_id": "7", "object_repr": "b131b38b-8a23-4be1-8a6e-9b45d215b58b", "action_flag": 3, "change_message": ""}}, {"model": "admin.logentry", "pk": 17, "fields": {"action_time": "2019-05-08T08:16:07.274Z", "user": 1, "content_type": 6, "object_id": "8", "object_repr": "1ac8e305-79e2-4d1a-bc3c-1351ef1f107c", "action_flag": 3, "change_message": ""}}, {"model": "admin.logentry", "pk": 18, "fields": {"action_time": "2019-05-08T08:18:59.475Z", "user": 1, "content_type": 6, "object_id": "9", "object_repr": "0c47013e-6e92-475e-a4ce-f294b05f4e20", "action_flag": 3, "change_message": ""}}, {"model": "admin.logentry", "pk": 19, "fields": {"action_time": "2019-05-08T08:37:17.056Z", "user": 1, "content_type": 4, "object_id": "2", "object_repr": "guacamole", "action_flag": 1, "change_message": "[{\"added\": {}}]"}}, {"model": "admin.logentry", "pk": 20, "fields": {"action_time": "2019-05-08T08:45:31.295Z", "user": 1, "content_type": 6, "object_id": "10", "object_repr": "21eb768b-bb4c-4f12-ad2c-fc8fa15eedfb", "action_flag": 3, "change_message": ""}}, {"model": "admin.logentry", "pk": 21, "fields": {"action_time": "2019-05-08T08:45:31.391Z", "user": 1, "content_type": 6, "object_id": "11", "object_repr": "6f63427d-6a25-4544-b9d5-8e7bcabf3ac7", "action_flag": 3, "change_message": ""}}, {"model": "admin.logentry", "pk": 22, "fields": {"action_time": "2019-05-08T08:50:32.520Z", "user": 1, "content_type": 6, "object_id": "15", "object_repr": "e7a3a8a2-69f9-4805-9c35-ec0b7f3a3ed5", "action_flag": 3, "change_message": ""}}, {"model": "admin.logentry", "pk": 23, "fields": {"action_time": "2019-05-08T08:50:32.662Z", "user": 1, "content_type": 6, "object_id": "13", "object_repr": "36e639ff-ba40-4c46-95c0-73bab403782f", "action_flag": 3, "change_message": ""}}, {"model": "admin.logentry", "pk": 24, "fields": {"action_time": "2019-05-08T08:50:32.765Z", "user": 1, "content_type": 6, "object_id": "12", "object_repr": "8ea2d4f8-444f-404b-a4fd-0cdda4e18a81", "action_flag": 3, "change_message": ""}}, {"model": "admin.logentry", "pk": 25, "fields": {"action_time": "2019-05-08T08:50:32.854Z", "user": 1, "content_type": 6, "object_id": "18", "object_repr": "d14c0189-69db-4920-b023-4e5b7466816b", "action_flag": 3, "change_message": ""}}, {"model": "admin.logentry", "pk": 26, "fields": {"action_time": "2019-05-08T08:50:32.937Z", "user": 1, "content_type": 6, "object_id": "17", "object_repr": "5ab6246a-8227-48f6-acc5-dccaa01389e7", "action_flag": 3, "change_message": ""}}, {"model": "admin.logentry", "pk": 27, "fields": {"action_time": "2019-05-08T08:50:33.004Z", "user": 1, "content_type": 6, "object_id": "16", "object_repr": "63f2fdea-ca97-47a0-83e8-523b1aea6dc7", "action_flag": 3, "change_message": ""}}, {"model": "admin.logentry", "pk": 28, "fields": {"action_time": "2019-05-08T08:50:33.118Z", "user": 1, "content_type": 6, "object_id": "14", "object_repr": "22789476-358d-485a-bd62-cb3e9499df14", "action_flag": 3, "change_message": ""}}, {"model": "admin.logentry", "pk": 29, "fields": {"action_time": "2019-05-08T08:59:17.330Z", "user": 1, "content_type": 6, "object_id": "22", "object_repr": "972a02d2-4e7d-4b85-85b9-538e79e93599", "action_flag": 3, "change_message": ""}}, {"model": "admin.logentry", "pk": 30, "fields": {"action_time": "2019-05-08T08:59:17.460Z", "user": 1, "content_type": 6, "object_id": "20", "object_repr": "75b9709b-a7f1-401e-8149-317a2e4a5767", "action_flag": 3, "change_message": ""}}, {"model": "admin.logentry", "pk": 31, "fields": {"action_time": "2019-05-08T08:59:17.527Z", "user": 1, "content_type": 6, "object_id": "19", "object_repr": "f5f29499-9fac-4174-a0ac-178b7f43e570", "action_flag": 3, "change_message": ""}}, {"model": "admin.logentry", "pk": 32, "fields": {"action_time": "2019-05-08T08:59:17.594Z", "user": 1, "content_type": 6, "object_id": "25", "object_repr": "4e28b865-9fee-4be9-b26e-9421ecdecf1a", "action_flag": 3, "change_message": ""}}, {"model": "admin.logentry", "pk": 33, "fields": {"action_time": "2019-05-08T08:59:17.705Z", "user": 1, "content_type": 6, "object_id": "24", "object_repr": "58bc369a-e6b2-4f4c-a916-59163a11aaad", "action_flag": 3, "change_message": ""}}, {"model": "admin.logentry", "pk": 34, "fields": {"action_time": "2019-05-08T08:59:17.810Z", "user": 1, "content_type": 6, "object_id": "23", "object_repr": "49b4dc84-de67-405a-b718-d91023cfb1e3", "action_flag": 3, "change_message": ""}}, {"model": "admin.logentry", "pk": 35, "fields": {"action_time": "2019-05-08T08:59:17.944Z", "user": 1, "content_type": 6, "object_id": "21", "object_repr": "1feab260-a00b-4b22-88d1-d26e8078673b", "action_flag": 3, "change_message": ""}}, {"model": "admin.logentry", "pk": 36, "fields": {"action_time": "2019-05-08T09:10:52.772Z", "user": 1, "content_type": 12, "object_id": "1", "object_repr": "maxx", "action_flag": 2, "change_message": "[{\"changed\": {\"fields\": [\"user_permissions\"]}}]"}}, {"model": "admin.logentry", "pk": 37, "fields": {"action_time": "2019-05-08T09:11:03.553Z", "user": 1, "content_type": 12, "object_id": "1", "object_repr": "maxx", "action_flag": 2, "change_message": "[{\"changed\": {\"fields\": [\"user_permissions\"]}}]"}}, {"model": "admin.logentry", "pk": 38, "fields": {"action_time": "2019-05-08T09:12:06.599Z", "user": 1, "content_type": 3, "object_id": "1", "object_repr": "March Collection", "action_flag": 1, "change_message": "[{\"added\": {}}]"}}, {"model": "admin.logentry", "pk": 39, "fields": {"action_time": "2019-05-08T09:12:09.718Z", "user": 1, "content_type": 2, "object_id": "1", "object_repr": "MARCH", "action_flag": 2, "change_message": "[{\"changed\": {\"fields\": [\"cp_code\", \"collection\"]}}]"}}, {"model": "admin.logentry", "pk": 40, "fields": {"action_time": "2019-05-08T09:17:32.408Z", "user": 1, "content_type": 3, "object_id": "1", "object_repr": "March Collection", "action_flag": 2, "change_message": "[]"}}, {"model": "admin.logentry", "pk": 41, "fields": {"action_time": "2019-05-08T09:22:57.190Z", "user": 1, "content_type": 3, "object_id": "2", "object_repr": "APRIL COllection", "action_flag": 1, "change_message": "[{\"added\": {}}]"}}, {"model": "admin.logentry", "pk": 42, "fields": {"action_time": "2019-05-08T09:22:59.209Z", "user": 1, "content_type": 2, "object_id": "2", "object_repr": "APRIL", "action_flag": 1, "change_message": "[{\"added\": {}}]"}}, {"model": "admin.logentry", "pk": 43, "fields": {"action_time": "2019-05-08T09:25:35.693Z", "user": 1, "content_type": 3, "object_id": "2", "object_repr": "APRIL COllection", "action_flag": 2, "change_message": "[{\"changed\": {\"fields\": [\"is_active\"]}}]"}}, {"model": "admin.logentry", "pk": 44, "fields": {"action_time": "2019-05-08T09:50:19.599Z", "user": 1, "content_type": 1, "object_id": "2", "object_repr": "AK - 0.07", "action_flag": 3, "change_message": ""}}, {"model": "admin.logentry", "pk": 45, "fields": {"action_time": "2019-05-08T09:50:19.721Z", "user": 1, "content_type": 1, "object_id": "1", "object_repr": "AL - 0.04", "action_flag": 3, "change_message": ""}}, {"model": "admin.logentry", "pk": 46, "fields": {"action_time": "2019-05-08T09:50:19.820Z", "user": 1, "content_type": 1, "object_id": "4", "object_repr": "AR - 0.065", "action_flag": 3, "change_message": ""}}, {"model": "admin.logentry", "pk": 47, "fields": {"action_time": "2019-05-08T09:50:19.920Z", "user": 1, "content_type": 1, "object_id": "3", "object_repr": "AZ - 0.056", "action_flag": 3, "change_message": ""}}, {"model": "admin.logentry", "pk": 48, "fields": {"action_time": "2019-05-08T09:50:19.995Z", "user": 1, "content_type": 1, "object_id": "5", "object_repr": "CA - 0.0725", "action_flag": 3, "change_message": ""}}, {"model": "admin.logentry", "pk": 49, "fields": {"action_time": "2019-05-08T09:50:20.075Z", "user": 1, "content_type": 1, "object_id": "6", "object_repr": "CO - 0.0635", "action_flag": 3, "change_message": ""}}, {"model": "admin.logentry", "pk": 50, "fields": {"action_time": "2019-05-08T09:50:20.151Z", "user": 1, "content_type": 1, "object_id": "7", "object_repr": "DE - 0.0", "action_flag": 3, "change_message": ""}}, {"model": "admin.logentry", "pk": 51, "fields": {"action_time": "2019-05-08T09:50:20.234Z", "user": 1, "content_type": 1, "object_id": "8", "object_repr": "FL - 0.06", "action_flag": 3, "change_message": ""}}, {"model": "admin.logentry", "pk": 52, "fields": {"action_time": "2019-05-08T09:50:20.317Z", "user": 1, "content_type": 1, "object_id": "9", "object_repr": "IL - 0.0625", "action_flag": 3, "change_message": ""}}, {"model": "admin.logentry", "pk": 53, "fields": {"action_time": "2019-05-08T09:50:20.404Z", "user": 1, "content_type": 1, "object_id": "10", "object_repr": "LA - 0.0445", "action_flag": 3, "change_message": ""}}, {"model": "admin.logentry", "pk": 54, "fields": {"action_time": "2019-05-08T09:50:20.486Z", "user": 1, "content_type": 1, "object_id": "11", "object_repr": "ME - 0.055", "action_flag": 3, "change_message": ""}}, {"model": "admin.logentry", "pk": 55, "fields": {"action_time": "2019-05-08T09:50:20.579Z", "user": 1, "content_type": 1, "object_id": "12", "object_repr": "MN - 0.06875", "action_flag": 3, "change_message": ""}}, {"model": "admin.logentry", "pk": 56, "fields": {"action_time": "2019-05-08T09:50:20.670Z", "user": 1, "content_type": 1, "object_id": "13", "object_repr": "MO - 0.08113", "action_flag": 3, "change_message": ""}}, {"model": "admin.logentry", "pk": 57, "fields": {"action_time": "2019-05-08T09:50:20.770Z", "user": 1, "content_type": 1, "object_id": "18", "object_repr": "NC - 0.0475", "action_flag": 3, "change_message": ""}}, {"model": "admin.logentry", "pk": 58, "fields": {"action_time": "2019-05-08T09:50:20.851Z", "user": 1, "content_type": 1, "object_id": "19", "object_repr": "ND - 0.05", "action_flag": 3, "change_message": ""}}, {"model": "admin.logentry", "pk": 59, "fields": {"action_time": "2019-05-08T09:50:20.934Z", "user": 1, "content_type": 1, "object_id": "15", "object_repr": "NJ - 0.06625", "action_flag": 3, "change_message": ""}}, {"model": "admin.logentry", "pk": 60, "fields": {"action_time": "2019-05-08T09:50:21.010Z", "user": 1, "content_type": 1, "object_id": "16", "object_repr": "NM - 0.05125", "action_flag": 3, "change_message": ""}}, {"model": "admin.logentry", "pk": 61, "fields": {"action_time": "2019-05-08T09:50:21.087Z", "user": 1, "content_type": 1, "object_id": "14", "object_repr": "NV - 0.046", "action_flag": 3, "change_message": ""}}, {"model": "admin.logentry", "pk": 62, "fields": {"action_time": "2019-05-08T09:50:21.159Z", "user": 1, "content_type": 1, "object_id": "17", "object_repr": "NY - 0.045", "action_flag": 3, "change_message": ""}}, {"model": "admin.logentry", "pk": 63, "fields": {"action_time": "2019-05-08T09:50:21.259Z", "user": 1, "content_type": 1, "object_id": "20", "object_repr": "OH - 0.0575", "action_flag": 3, "change_message": ""}}, {"model": "admin.logentry", "pk": 64, "fields": {"action_time": "2019-05-08T09:50:21.334Z", "user": 1, "content_type": 1, "object_id": "21", "object_repr": "OK - 0.08625", "action_flag": 3, "change_message": ""}}, {"model": "admin.logentry", "pk": 65, "fields": {"action_time": "2019-05-08T09:50:21.418Z", "user": 1, "content_type": 1, "object_id": "22", "object_repr": "TN - 0.0925", "action_flag": 3, "change_message": ""}}, {"model": "admin.logentry", "pk": 66, "fields": {"action_time": "2019-05-08T09:50:21.501Z", "user": 1, "content_type": 1, "object_id": "23", "object_repr": "UT - 0.0485", "action_flag": 3, "change_message": ""}}, {"model": "admin.logentry", "pk": 67, "fields": {"action_time": "2019-05-08T09:50:21.593Z", "user": 1, "content_type": 1, "object_id": "24", "object_repr": "VA - 0.043", "action_flag": 3, "change_message": ""}}, {"model": "admin.logentry", "pk": 68, "fields": {"action_time": "2019-05-08T09:59:52.138Z", "user": 1, "content_type": 1, "object_id": "48", "object_repr": "VA - 0.043", "action_flag": 3, "change_message": ""}}, {"model": "admin.logentry", "pk": 69, "fields": {"action_time": "2019-05-08T09:59:52.236Z", "user": 1, "content_type": 1, "object_id": "47", "object_repr": "UT - 0.0485", "action_flag": 3, "change_message": ""}}, {"model": "admin.logentry", "pk": 70, "fields": {"action_time": "2019-05-08T09:59:52.324Z", "user": 1, "content_type": 1, "object_id": "46", "object_repr": "TN - 0.0925", "action_flag": 3, "change_message": ""}}, {"model": "admin.logentry", "pk": 71, "fields": {"action_time": "2019-05-08T09:59:52.400Z", "user": 1, "content_type": 1, "object_id": "45", "object_repr": "OK - 0.08625", "action_flag": 3, "change_message": ""}}, {"model": "admin.logentry", "pk": 72, "fields": {"action_time": "2019-05-08T09:59:52.483Z", "user": 1, "content_type": 1, "object_id": "44", "object_repr": "OH - 0.0575", "action_flag": 3, "change_message": ""}}, {"model": "admin.logentry", "pk": 73, "fields": {"action_time": "2019-05-08T09:59:52.550Z", "user": 1, "content_type": 1, "object_id": "43", "object_repr": "ND - 0.05", "action_flag": 3, "change_message": ""}}, {"model": "admin.logentry", "pk": 74, "fields": {"action_time": "2019-05-08T09:59:52.645Z", "user": 1, "content_type": 1, "object_id": "42", "object_repr": "NC - 0.0475", "action_flag": 3, "change_message": ""}}, {"model": "admin.logentry", "pk": 75, "fields": {"action_time": "2019-05-08T09:59:52.716Z", "user": 1, "content_type": 1, "object_id": "41", "object_repr": "NY - 0.045", "action_flag": 3, "change_message": ""}}, {"model": "admin.logentry", "pk": 76, "fields": {"action_time": "2019-05-08T09:59:52.808Z", "user": 1, "content_type": 1, "object_id": "40", "object_repr": "NM - 0.05125", "action_flag": 3, "change_message": ""}}, {"model": "admin.logentry", "pk": 77, "fields": {"action_time": "2019-05-08T09:59:52.911Z", "user": 1, "content_type": 1, "object_id": "39", "object_repr": "NJ - 0.06625", "action_flag": 3, "change_message": ""}}, {"model": "admin.logentry", "pk": 78, "fields": {"action_time": "2019-05-08T09:59:52.984Z", "user": 1, "content_type": 1, "object_id": "38", "object_repr": "NV - 0.046", "action_flag": 3, "change_message": ""}}, {"model": "admin.logentry", "pk": 79, "fields": {"action_time": "2019-05-08T09:59:53.133Z", "user": 1, "content_type": 1, "object_id": "37", "object_repr": "MO - 0.08113", "action_flag": 3, "change_message": ""}}, {"model": "admin.logentry", "pk": 80, "fields": {"action_time": "2019-05-08T09:59:53.278Z", "user": 1, "content_type": 1, "object_id": "36", "object_repr": "MN - 0.06875", "action_flag": 3, "change_message": ""}}, {"model": "admin.logentry", "pk": 81, "fields": {"action_time": "2019-05-08T09:59:53.400Z", "user": 1, "content_type": 1, "object_id": "35", "object_repr": "ME - 0.055", "action_flag": 3, "change_message": ""}}, {"model": "admin.logentry", "pk": 82, "fields": {"action_time": "2019-05-08T09:59:53.494Z", "user": 1, "content_type": 1, "object_id": "34", "object_repr": "LA - 0.0445", "action_flag": 3, "change_message": ""}}, {"model": "admin.logentry", "pk": 83, "fields": {"action_time": "2019-05-08T09:59:53.575Z", "user": 1, "content_type": 1, "object_id": "33", "object_repr": "IL - 0.0625", "action_flag": 3, "change_message": ""}}, {"model": "admin.logentry", "pk": 84, "fields": {"action_time": "2019-05-08T09:59:53.650Z", "user": 1, "content_type": 1, "object_id": "32", "object_repr": "FL - 0.06", "action_flag": 3, "change_message": ""}}, {"model": "admin.logentry", "pk": 85, "fields": {"action_time": "2019-05-08T09:59:53.734Z", "user": 1, "content_type": 1, "object_id": "31", "object_repr": "DE - 0.0", "action_flag": 3, "change_message": ""}}, {"model": "admin.logentry", "pk": 86, "fields": {"action_time": "2019-05-08T09:59:53.808Z", "user": 1, "content_type": 1, "object_id": "30", "object_repr": "CO - 0.0635", "action_flag": 3, "change_message": ""}}, {"model": "admin.logentry", "pk": 87, "fields": {"action_time": "2019-05-08T09:59:53.891Z", "user": 1, "content_type": 1, "object_id": "29", "object_repr": "CA - 0.0725", "action_flag": 3, "change_message": ""}}, {"model": "admin.logentry", "pk": 88, "fields": {"action_time": "2019-05-08T09:59:53.975Z", "user": 1, "content_type": 1, "object_id": "28", "object_repr": "AR - 0.065", "action_flag": 3, "change_message": ""}}, {"model": "admin.logentry", "pk": 89, "fields": {"action_time": "2019-05-08T09:59:54.066Z", "user": 1, "content_type": 1, "object_id": "27", "object_repr": "AZ - 0.056", "action_flag": 3, "change_message": ""}}, {"model": "admin.logentry", "pk": 90, "fields": {"action_time": "2019-05-08T09:59:54.161Z", "user": 1, "content_type": 1, "object_id": "26", "object_repr": "AK - 0.07", "action_flag": 3, "change_message": ""}}, {"model": "admin.logentry", "pk": 91, "fields": {"action_time": "2019-05-08T09:59:54.242Z", "user": 1, "content_type": 1, "object_id": "25", "object_repr": "AL - 0.04", "action_flag": 3, "change_message": ""}}, {"model": "admin.logentry", "pk": 92, "fields": {"action_time": "2019-05-08T10:40:03.280Z", "user": 1, "content_type": 6, "object_id": "33", "object_repr": "586cff31-5a12-466c-a398-31a226517240", "action_flag": 3, "change_message": ""}}, {"model": "admin.logentry", "pk": 93, "fields": {"action_time": "2019-05-08T10:40:03.376Z", "user": 1, "content_type": 6, "object_id": "31", "object_repr": "4e10a03b-9f86-409b-9a07-4ee9bac221da", "action_flag": 3, "change_message": ""}}, {"model": "admin.logentry", "pk": 94, "fields": {"action_time": "2019-05-08T10:40:03.456Z", "user": 1, "content_type": 6, "object_id": "30", "object_repr": "51e4618d-3846-4c9a-b0d7-34d52542be01", "action_flag": 3, "change_message": ""}}, {"model": "admin.logentry", "pk": 95, "fields": {"action_time": "2019-05-08T10:40:03.540Z", "user": 1, "content_type": 6, "object_id": "29", "object_repr": "fe779863-5861-41a1-a3f5-3085d3e3d0bb", "action_flag": 3, "change_message": ""}}, {"model": "admin.logentry", "pk": 96, "fields": {"action_time": "2019-05-08T10:40:03.643Z", "user": 1, "content_type": 6, "object_id": "28", "object_repr": "c5071eb3-c7e2-480a-a311-b396cc74e49c", "action_flag": 3, "change_message": ""}}, {"model": "admin.logentry", "pk": 97, "fields": {"action_time": "2019-05-08T10:40:03.746Z", "user": 1, "content_type": 6, "object_id": "27", "object_repr": "8d87b22a-fabe-4285-b446-0576c7d843bf", "action_flag": 3, "change_message": ""}}, {"model": "admin.logentry", "pk": 98, "fields": {"action_time": "2019-05-08T10:40:03.850Z", "user": 1, "content_type": 6, "object_id": "26", "object_repr": "50fcc889-c05c-46f0-a86f-4c5d6a17479c", "action_flag": 3, "change_message": ""}}, {"model": "admin.logentry", "pk": 99, "fields": {"action_time": "2019-05-08T10:40:03.933Z", "user": 1, "content_type": 6, "object_id": "34", "object_repr": "0b8d2f30-368c-4da2-aa14-c586c909cca5", "action_flag": 3, "change_message": ""}}, {"model": "admin.logentry", "pk": 100, "fields": {"action_time": "2019-05-08T10:40:04.014Z", "user": 1, "content_type": 6, "object_id": "32", "object_repr": "d3c2cb3d-c0b0-4c20-b84a-88ba5bb9d330", "action_flag": 3, "change_message": ""}}, {"model": "admin.logentry", "pk": 101, "fields": {"action_time": "2019-05-08T10:42:34.497Z", "user": 1, "content_type": 6, "object_id": "38", "object_repr": "1290f9f5-fc00-4ee4-9dd7-d8e5fd2edee8", "action_flag": 3, "change_message": ""}}, {"model": "admin.logentry", "pk": 102, "fields": {"action_time": "2019-05-08T10:42:34.617Z", "user": 1, "content_type": 6, "object_id": "37", "object_repr": "e5583a6f-1714-4249-8232-fa210d04d7c8", "action_flag": 3, "change_message": ""}}, {"model": "admin.logentry", "pk": 103, "fields": {"action_time": "2019-05-08T10:42:34.717Z", "user": 1, "content_type": 6, "object_id": "36", "object_repr": "49c82d72-d259-49e8-a527-bf94591ca3f7", "action_flag": 3, "change_message": ""}}, {"model": "admin.logentry", "pk": 104, "fields": {"action_time": "2019-05-08T10:42:34.809Z", "user": 1, "content_type": 6, "object_id": "35", "object_repr": "3c244a38-66e1-42ef-b420-78eb8fcab44e", "action_flag": 3, "change_message": ""}}, {"model": "admin.logentry", "pk": 105, "fields": {"action_time": "2019-05-08T10:54:54.832Z", "user": 1, "content_type": 6, "object_id": "40", "object_repr": "fe8b3c02-245c-4b9c-b20d-907cd6aab997", "action_flag": 3, "change_message": ""}}, {"model": "admin.logentry", "pk": 106, "fields": {"action_time": "2019-05-08T10:54:54.958Z", "user": 1, "content_type": 6, "object_id": "39", "object_repr": "b63f71b0-6982-406f-b908-ef4bf7a2e1d7", "action_flag": 3, "change_message": ""}}, {"model": "admin.logentry", "pk": 107, "fields": {"action_time": "2019-05-08T10:56:05.188Z", "user": 1, "content_type": 6, "object_id": "42", "object_repr": "1fa1c083-e81b-40f2-9c3c-3e85096bbb79", "action_flag": 3, "change_message": ""}}, {"model": "admin.logentry", "pk": 108, "fields": {"action_time": "2019-05-08T10:56:05.354Z", "user": 1, "content_type": 6, "object_id": "41", "object_repr": "390f4d54-26b6-4ad0-9d78-575dfdc5d2c8", "action_flag": 3, "change_message": ""}}, {"model": "admin.logentry", "pk": 109, "fields": {"action_time": "2019-05-08T10:57:53.105Z", "user": 1, "content_type": 6, "object_id": "44", "object_repr": "8f4c9306-7f86-4cfe-b413-e803be058fd0", "action_flag": 3, "change_message": ""}}, {"model": "admin.logentry", "pk": 110, "fields": {"action_time": "2019-05-08T10:57:53.248Z", "user": 1, "content_type": 6, "object_id": "43", "object_repr": "e1096f0c-7382-4998-9a0b-7d220ecddec6", "action_flag": 3, "change_message": ""}}, {"model": "admin.logentry", "pk": 111, "fields": {"action_time": "2019-05-08T11:21:38.450Z", "user": 1, "content_type": 6, "object_id": "46", "object_repr": "5e28cbcf-e93c-46ff-8892-f541b27b87b9", "action_flag": 3, "change_message": ""}}, {"model": "admin.logentry", "pk": 112, "fields": {"action_time": "2019-05-08T11:21:38.688Z", "user": 1, "content_type": 6, "object_id": "45", "object_repr": "7e1ff39d-7250-4a41-9f31-6bdebe6fbeed", "action_flag": 3, "change_message": ""}}, {"model": "admin.logentry", "pk": 113, "fields": {"action_time": "2019-05-08T11:21:47.809Z", "user": 1, "content_type": 4, "object_id": "1", "object_repr": "epic CUM bagel", "action_flag": 3, "change_message": ""}}, {"model": "admin.logentry", "pk": 114, "fields": {"action_time": "2019-05-08T11:21:47.963Z", "user": 1, "content_type": 4, "object_id": "2", "object_repr": "guacamole", "action_flag": 3, "change_message": ""}}, {"model": "admin.logentry", "pk": 115, "fields": {"action_time": "2019-05-08T11:21:59.303Z", "user": 1, "content_type": 7, "object_id": "1", "object_repr": "1501 LA CROSSE ST EAGLE-428-AC", "action_flag": 3, "change_message": ""}}, {"model": "admin.logentry", "pk": 116, "fields": {"action_time": "2019-05-08T11:21:59.507Z", "user": 1, "content_type": 7, "object_id": "2", "object_repr": "1501 LA CROSSE ST EAGLE-428-AC", "action_flag": 3, "change_message": ""}}, {"model": "admin.logentry", "pk": 117, "fields": {"action_time": "2019-05-08T11:21:59.715Z", "user": 1, "content_type": 7, "object_id": "3", "object_repr": "", "action_flag": 3, "change_message": ""}}, {"model": "admin.logentry", "pk": 118, "fields": {"action_time": "2019-05-08T11:21:59.790Z", "user": 1, "content_type": 7, "object_id": "4", "object_repr": "", "action_flag": 3, "change_message": ""}}, {"model": "admin.logentry", "pk": 119, "fields": {"action_time": "2019-05-08T11:21:59.846Z", "user": 1, "content_type": 7, "object_id": "5", "object_repr": "", "action_flag": 3, "change_message": ""}}, {"model": "admin.logentry", "pk": 120, "fields": {"action_time": "2019-05-08T11:21:59.924Z", "user": 1, "content_type": 7, "object_id": "6", "object_repr": "", "action_flag": 3, "change_message": ""}}, {"model": "admin.logentry", "pk": 121, "fields": {"action_time": "2019-05-08T11:22:21.435Z", "user": 1, "content_type": 12, "object_id": "3", "object_repr": "testregister", "action_flag": 3, "change_message": ""}}, {"model": "admin.logentry", "pk": 122, "fields": {"action_time": "2019-05-08T14:53:52.038Z", "user": 1, "content_type": 4, "object_id": "3", "object_repr": "Bagel 1", "action_flag": 1, "change_message": "[{\"added\": {}}]"}}, {"model": "admin.logentry", "pk": 123, "fields": {"action_time": "2019-05-08T14:54:21.661Z", "user": 1, "content_type": 4, "object_id": "4", "object_repr": "Bagel 2", "action_flag": 1, "change_message": "[{\"added\": {}}]"}}, {"model": "admin.logentry", "pk": 124, "fields": {"action_time": "2019-05-08T14:54:44.151Z", "user": 1, "content_type": 4, "object_id": "5", "object_repr": "Bagel 3", "action_flag": 1, "change_message": "[{\"added\": {}}]"}}, {"model": "admin.logentry", "pk": 125, "fields": {"action_time": "2019-05-08T14:55:04.846Z", "user": 1, "content_type": 4, "object_id": "6", "object_repr": "Bagel 4", "action_flag": 1, "change_message": "[{\"added\": {}}]"}}, {"model": "admin.logentry", "pk": 126, "fields": {"action_time": "2019-05-08T15:02:08.573Z", "user": 1, "content_type": 2, "object_id": "1", "object_repr": "MARCH", "action_flag": 3, "change_message": ""}}, {"model": "admin.logentry", "pk": 127, "fields": {"action_time": "2019-05-08T15:02:08.676Z", "user": 1, "content_type": 2, "object_id": "2", "object_repr": "APRIL", "action_flag": 3, "change_message": ""}}, {"model": "admin.logentry", "pk": 128, "fields": {"action_time": "2019-05-08T15:03:03.476Z", "user": 1, "content_type": 3, "object_id": "3", "object_repr": "Item A only", "action_flag": 1, "change_message": "[{\"added\": {}}]"}}, {"model": "admin.logentry", "pk": 129, "fields": {"action_time": "2019-05-08T15:03:07.584Z", "user": 1, "content_type": 2, "object_id": "3", "object_repr": "APRIL15", "action_flag": 1, "change_message": "[{\"added\": {}}]"}}, {"model": "admin.logentry", "pk": 130, "fields": {"action_time": "2019-05-08T15:03:39.939Z", "user": 1, "content_type": 2, "object_id": "3", "object_repr": "APRIL15", "action_flag": 2, "change_message": "[{\"changed\": {\"fields\": [\"exp_date\"]}}]"}}, {"model": "admin.logentry", "pk": 131, "fields": {"action_time": "2019-05-08T15:04:38.489Z", "user": 1, "content_type": 4, "object_id": "3", "object_repr": "Bagel 1", "action_flag": 3, "change_message": ""}}, {"model": "admin.logentry", "pk": 132, "fields": {"action_time": "2019-05-08T15:05:18.683Z", "user": 1, "content_type": 3, "object_id": "3", "object_repr": "Item A only", "action_flag": 2, "change_message": "[{\"changed\": {\"fields\": [\"products\"]}}]"}}, {"model": "admin.logentry", "pk": 133, "fields": {"action_time": "2019-05-08T15:07:50.088Z", "user": 1, "content_type": 4, "object_id": "4", "object_repr": "Bagel 2", "action_flag": 3, "change_message": ""}}, {"model": "admin.logentry", "pk": 134, "fields": {"action_time": "2019-05-08T15:10:43.125Z", "user": 1, "content_type": 3, "object_id": "4", "object_repr": "Item B", "action_flag": 1, "change_message": "[{\"added\": {}}]"}}, {"model": "admin.logentry", "pk": 135, "fields": {"action_time": "2019-05-08T15:10:46.361Z", "user": 1, "content_type": 2, "object_id": "4", "object_repr": "MAY19-1", "action_flag": 1, "change_message": "[{\"added\": {}}]"}}, {"model": "admin.logentry", "pk": 136, "fields": {"action_time": "2019-05-08T15:11:16.885Z", "user": 1, "content_type": 3, "object_id": "5", "object_repr": "Item C", "action_flag": 1, "change_message": "[{\"added\": {}}]"}}, {"model": "admin.logentry", "pk": 137, "fields": {"action_time": "2019-05-08T15:11:24.557Z", "user": 1, "content_type": 2, "object_id": "5", "object_repr": "MAY19-2", "action_flag": 1, "change_message": "[{\"added\": {}}]"}}, {"model": "admin.logentry", "pk": 138, "fields": {"action_time": "2019-05-08T15:11:39.595Z", "user": 1, "content_type": 3, "object_id": "5", "object_repr": "Item C", "action_flag": 2, "change_message": "[{\"changed\": {\"fields\": [\"is_active\"]}}]"}}, {"model": "admin.logentry", "pk": 139, "fields": {"action_time": "2019-05-08T15:12:52.040Z", "user": 1, "content_type": 4, "object_id": "7", "object_repr": "Item D", "action_flag": 1, "change_message": "[{\"added\": {}}]"}}, {"model": "admin.logentry", "pk": 140, "fields": {"action_time": "2019-05-08T15:16:47.811Z", "user": 1, "content_type": 2, "object_id": "4", "object_repr": "MAY19-1", "action_flag": 2, "change_message": "[{\"changed\": {\"fields\": [\"discount\"]}}]"}}, {"model": "admin.logentry", "pk": 141, "fields": {"action_time": "2019-05-10T01:35:13.986Z", "user": 1, "content_type": 3, "object_id": "5", "object_repr": "Item C", "action_flag": 2, "change_message": "[{\"changed\": {\"fields\": [\"products\"]}}]"}}, {"model": "admin.logentry", "pk": 142, "fields": {"action_time": "2019-05-10T01:35:17.499Z", "user": 1, "content_type": 2, "object_id": "5", "object_repr": "MAY19-2", "action_flag": 2, "change_message": "[{\"changed\": {\"fields\": [\"discount\"]}}]"}}, {"model": "admin.logentry", "pk": 143, "fields": {"action_time": "2019-05-10T01:44:41.013Z", "user": 1, "content_type": 1, "object_id": "98", "object_repr": "WY - 0.04", "action_flag": 3, "change_message": ""}}, {"model": "admin.logentry", "pk": 144, "fields": {"action_time": "2019-05-10T01:44:41.126Z", "user": 1, "content_type": 1, "object_id": "97", "object_repr": "WI - 0.05", "action_flag": 3, "change_message": ""}}, {"model": "admin.logentry", "pk": 145, "fields": {"action_time": "2019-05-10T01:44:41.201Z", "user": 1, "content_type": 1, "object_id": "96", "object_repr": "WV - 0.06", "action_flag": 3, "change_message": ""}}, {"model": "admin.logentry", "pk": 146, "fields": {"action_time": "2019-05-10T01:44:41.287Z", "user": 1, "content_type": 1, "object_id": "95", "object_repr": "WA - 0.065", "action_flag": 3, "change_message": ""}}, {"model": "admin.logentry", "pk": 147, "fields": {"action_time": "2019-05-10T01:44:41.425Z", "user": 1, "content_type": 1, "object_id": "94", "object_repr": "VA - 0.043", "action_flag": 3, "change_message": ""}}, {"model": "admin.logentry", "pk": 148, "fields": {"action_time": "2019-05-10T01:44:41.550Z", "user": 1, "content_type": 1, "object_id": "93", "object_repr": "VT - 0.06", "action_flag": 3, "change_message": ""}}, {"model": "admin.logentry", "pk": 149, "fields": {"action_time": "2019-05-10T01:44:41.666Z", "user": 1, "content_type": 1, "object_id": "92", "object_repr": "UT - 0.0485", "action_flag": 3, "change_message": ""}}, {"model": "admin.logentry", "pk": 150, "fields": {"action_time": "2019-05-10T01:44:41.750Z", "user": 1, "content_type": 1, "object_id": "91", "object_repr": "TX - 0.0625", "action_flag": 3, "change_message": ""}}, {"model": "admin.logentry", "pk": 151, "fields": {"action_time": "2019-05-10T01:44:41.883Z", "user": 1, "content_type": 1, "object_id": "90", "object_repr": "TN - 0.0925", "action_flag": 3, "change_message": ""}}, {"model": "admin.logentry", "pk": 152, "fields": {"action_time": "2019-05-10T01:44:42.003Z", "user": 1, "content_type": 1, "object_id": "89", "object_repr": "SD - 0.06", "action_flag": 3, "change_message": ""}}, {"model": "admin.logentry", "pk": 153, "fields": {"action_time": "2019-05-10T01:44:42.126Z", "user": 1, "content_type": 1, "object_id": "88", "object_repr": "SC - 0.06", "action_flag": 3, "change_message": ""}}, {"model": "admin.logentry", "pk": 154, "fields": {"action_time": "2019-05-10T01:44:42.200Z", "user": 1, "content_type": 1, "object_id": "87", "object_repr": "RI - 0.07", "action_flag": 3, "change_message": ""}}, {"model": "admin.logentry", "pk": 155, "fields": {"action_time": "2019-05-10T01:44:42.361Z", "user": 1, "content_type": 1, "object_id": "86", "object_repr": "PA - 0.06", "action_flag": 3, "change_message": ""}}, {"model": "admin.logentry", "pk": 156, "fields": {"action_time": "2019-05-10T01:44:42.492Z", "user": 1, "content_type": 1, "object_id": "85", "object_repr": "OR - 0.0", "action_flag": 3, "change_message": ""}}, {"model": "admin.logentry", "pk": 157, "fields": {"action_time": "2019-05-10T01:44:42.578Z", "user": 1, "content_type": 1, "object_id": "84", "object_repr": "OK - 0.08625", "action_flag": 3, "change_message": ""}}, {"model": "admin.logentry", "pk": 158, "fields": {"action_time": "2019-05-10T01:44:42.667Z", "user": 1, "content_type": 1, "object_id": "83", "object_repr": "OH - 0.0575", "action_flag": 3, "change_message": ""}}, {"model": "admin.logentry", "pk": 159, "fields": {"action_time": "2019-05-10T01:44:42.760Z", "user": 1, "content_type": 1, "object_id": "82", "object_repr": "ND - 0.05", "action_flag": 3, "change_message": ""}}, {"model": "admin.logentry", "pk": 160, "fields": {"action_time": "2019-05-10T01:44:42.884Z", "user": 1, "content_type": 1, "object_id": "81", "object_repr": "NC - 0.0475", "action_flag": 3, "change_message": ""}}, {"model": "admin.logentry", "pk": 161, "fields": {"action_time": "2019-05-10T01:44:42.941Z", "user": 1, "content_type": 1, "object_id": "80", "object_repr": "NY - 0.045", "action_flag": 3, "change_message": ""}}, {"model": "admin.logentry", "pk": 162, "fields": {"action_time": "2019-05-10T01:44:43.075Z", "user": 1, "content_type": 1, "object_id": "79", "object_repr": "NM - 0.05125", "action_flag": 3, "change_message": ""}}, {"model": "admin.logentry", "pk": 163, "fields": {"action_time": "2019-05-10T01:44:43.158Z", "user": 1, "content_type": 1, "object_id": "78", "object_repr": "NJ - 0.06625", "action_flag": 3, "change_message": ""}}, {"model": "admin.logentry", "pk": 164, "fields": {"action_time": "2019-05-10T01:44:43.253Z", "user": 1, "content_type": 1, "object_id": "77", "object_repr": "NH - 0.0", "action_flag": 3, "change_message": ""}}, {"model": "admin.logentry", "pk": 165, "fields": {"action_time": "2019-05-10T01:44:43.326Z", "user": 1, "content_type": 1, "object_id": "76", "object_repr": "NV - 0.046", "action_flag": 3, "change_message": ""}}, {"model": "admin.logentry", "pk": 166, "fields": {"action_time": "2019-05-10T01:44:43.444Z", "user": 1, "content_type": 1, "object_id": "75", "object_repr": "NE - 0.055", "action_flag": 3, "change_message": ""}}, {"model": "admin.logentry", "pk": 167, "fields": {"action_time": "2019-05-10T01:44:43.517Z", "user": 1, "content_type": 1, "object_id": "74", "object_repr": "MT - 0.0", "action_flag": 3, "change_message": ""}}, {"model": "admin.logentry", "pk": 168, "fields": {"action_time": "2019-05-10T01:44:43.611Z", "user": 1, "content_type": 1, "object_id": "73", "object_repr": "MO - 0.08113", "action_flag": 3, "change_message": ""}}, {"model": "admin.logentry", "pk": 169, "fields": {"action_time": "2019-05-10T01:44:43.683Z", "user": 1, "content_type": 1, "object_id": "72", "object_repr": "MS - 0.07", "action_flag": 3, "change_message": ""}}, {"model": "admin.logentry", "pk": 170, "fields": {"action_time": "2019-05-10T01:44:43.777Z", "user": 1, "content_type": 1, "object_id": "71", "object_repr": "MN - 0.06875", "action_flag": 3, "change_message": ""}}, {"model": "admin.logentry", "pk": 171, "fields": {"action_time": "2019-05-10T01:44:43.861Z", "user": 1, "content_type": 1, "object_id": "70", "object_repr": "MI - 0.06", "action_flag": 3, "change_message": ""}}, {"model": "admin.logentry", "pk": 172, "fields": {"action_time": "2019-05-10T01:44:43.934Z", "user": 1, "content_type": 1, "object_id": "69", "object_repr": "MA - 0.0625", "action_flag": 3, "change_message": ""}}, {"model": "admin.logentry", "pk": 173, "fields": {"action_time": "2019-05-10T01:44:44.078Z", "user": 1, "content_type": 1, "object_id": "68", "object_repr": "MD - 0.06", "action_flag": 3, "change_message": ""}}, {"model": "admin.logentry", "pk": 174, "fields": {"action_time": "2019-05-10T01:44:44.159Z", "user": 1, "content_type": 1, "object_id": "67", "object_repr": "ME - 0.055", "action_flag": 3, "change_message": ""}}, {"model": "admin.logentry", "pk": 175, "fields": {"action_time": "2019-05-10T01:44:44.303Z", "user": 1, "content_type": 1, "object_id": "66", "object_repr": "LA - 0.0445", "action_flag": 3, "change_message": ""}}, {"model": "admin.logentry", "pk": 176, "fields": {"action_time": "2019-05-10T01:44:44.375Z", "user": 1, "content_type": 1, "object_id": "65", "object_repr": "KY - 0.06", "action_flag": 3, "change_message": ""}}, {"model": "admin.logentry", "pk": 177, "fields": {"action_time": "2019-05-10T01:44:44.459Z", "user": 1, "content_type": 1, "object_id": "64", "object_repr": "KS - 0.065", "action_flag": 3, "change_message": ""}}, {"model": "admin.logentry", "pk": 178, "fields": {"action_time": "2019-05-10T01:44:44.545Z", "user": 1, "content_type": 1, "object_id": "63", "object_repr": "IA - 0.06", "action_flag": 3, "change_message": ""}}, {"model": "admin.logentry", "pk": 179, "fields": {"action_time": "2019-05-10T01:44:44.650Z", "user": 1, "content_type": 1, "object_id": "62", "object_repr": "IN - 0.07", "action_flag": 3, "change_message": ""}}, {"model": "admin.logentry", "pk": 180, "fields": {"action_time": "2019-05-10T01:44:44.761Z", "user": 1, "content_type": 1, "object_id": "61", "object_repr": "IL - 0.0625", "action_flag": 3, "change_message": ""}}, {"model": "admin.logentry", "pk": 181, "fields": {"action_time": "2019-05-10T01:44:44.878Z", "user": 1, "content_type": 1, "object_id": "60", "object_repr": "ID - 0.06", "action_flag": 3, "change_message": ""}}, {"model": "admin.logentry", "pk": 182, "fields": {"action_time": "2019-05-10T01:44:45.045Z", "user": 1, "content_type": 1, "object_id": "59", "object_repr": "HI - 0.04", "action_flag": 3, "change_message": ""}}, {"model": "admin.logentry", "pk": 183, "fields": {"action_time": "2019-05-10T01:44:45.166Z", "user": 1, "content_type": 1, "object_id": "58", "object_repr": "GA - 0.04", "action_flag": 3, "change_message": ""}}, {"model": "admin.logentry", "pk": 184, "fields": {"action_time": "2019-05-10T01:44:45.258Z", "user": 1, "content_type": 1, "object_id": "57", "object_repr": "FL - 0.06", "action_flag": 3, "change_message": ""}}, {"model": "admin.logentry", "pk": 185, "fields": {"action_time": "2019-05-10T01:44:45.345Z", "user": 1, "content_type": 1, "object_id": "56", "object_repr": "DE - 0.0", "action_flag": 3, "change_message": ""}}, {"model": "admin.logentry", "pk": 186, "fields": {"action_time": "2019-05-10T01:44:45.425Z", "user": 1, "content_type": 1, "object_id": "55", "object_repr": "CT - 0.0635", "action_flag": 3, "change_message": ""}}, {"model": "admin.logentry", "pk": 187, "fields": {"action_time": "2019-05-10T01:44:45.508Z", "user": 1, "content_type": 1, "object_id": "54", "object_repr": "CO - 0.0635", "action_flag": 3, "change_message": ""}}, {"model": "admin.logentry", "pk": 188, "fields": {"action_time": "2019-05-10T01:44:45.612Z", "user": 1, "content_type": 1, "object_id": "53", "object_repr": "CA - 0.0725", "action_flag": 3, "change_message": ""}}, {"model": "admin.logentry", "pk": 189, "fields": {"action_time": "2019-05-10T01:44:45.742Z", "user": 1, "content_type": 1, "object_id": "52", "object_repr": "AR - 0.065", "action_flag": 3, "change_message": ""}}, {"model": "admin.logentry", "pk": 190, "fields": {"action_time": "2019-05-10T01:44:45.825Z", "user": 1, "content_type": 1, "object_id": "51", "object_repr": "AZ - 0.056", "action_flag": 3, "change_message": ""}}, {"model": "admin.logentry", "pk": 191, "fields": {"action_time": "2019-05-10T01:44:45.909Z", "user": 1, "content_type": 1, "object_id": "50", "object_repr": "AK - 0.07", "action_flag": 3, "change_message": ""}}, {"model": "admin.logentry", "pk": 192, "fields": {"action_time": "2019-05-10T01:44:46.006Z", "user": 1, "content_type": 1, "object_id": "49", "object_repr": "AL - 0.04", "action_flag": 3, "change_message": ""}}, {"model": "customer.customer", "pk": 1, "fields": {"crt_date": "2019-05-08T02:30:46.240Z", "mdf_date": "2019-05-08T04:08:35.345Z", "customer_id": "5ec90e65-c40d-4b45-bd8e-4111d146127c", "user": 2}}, {"model": "customer.customer", "pk": 3, "fields": {"crt_date": "2019-05-08T15:01:19.777Z", "mdf_date": "2019-05-08T15:01:19.777Z", "customer_id": "9ad75147-3eb6-4049-948f-66ae1519eba7", "user": 4}}]